RepeatId,GenerationId,popCount,aliveCount,totalCount,generations,treeDepth,nodeCount,leafCount,branching,subcloneTotal,subcloneSelect,clonalDiversity,treeBalance,meanDriversPerCell
0,0,1,12,6714,1000,0,1,1,0,1,1,1,0,1
1,0,1,0,4801,916,0,1,1,0,1,1,NaN,0,NaN
2,0,1,0,972,265,0,1,1,0,1,1,NaN,0,NaN
3,0,1,82,11192,1000,0,1,1,0,1,1,1,0,1
4,0,1,0,1868,495,0,1,1,0,1,1,NaN,0,NaN
5,0,1,26,7491,1000,0,1,1,0,1,1,1,0,1
6,0,1,15,5270,1000,0,1,1,0,1,1,1,0,1
7,0,1,135,12907,1000,0,1,1,0,1,1,1,0,1
8,0,1,260,20051,1000,0,1,1,0,1,1,1,0,1
9,0,1,457,30545,1000,0,1,1,0,1,1,1,0,1
10,0,1,0,2125,526,0,1,1,0,1,1,NaN,0,NaN
11,0,1,80,22025,1000,0,1,1,0,1,1,1,0,1
12,0,1,52,11857,1000,0,1,1,0,1,1,1,0,1
13,0,1,122,16936,1000,0,1,1,0,1,1,1,0,1
14,0,1,0,691,145,0,1,1,0,1,1,NaN,0,NaN
15,0,1,101,13787,1000,0,1,1,0,1,1,1,0,1
16,0,1,0,1658,301,0,1,1,0,1,1,NaN,0,NaN
17,0,1,50,10327,1000,0,1,1,0,1,1,1,0,1
18,0,1,8,5193,1000,0,1,1,0,1,1,1,0,1
19,0,1,21,4582,1000,0,1,1,0,1,1,1,0,1
20,0,1,0,2802,525,0,1,1,0,1,1,NaN,0,NaN
21,0,1,281,35772,1000,0,1,1,0,1,1,1,0,1
22,0,1,163,8236,1000,0,1,1,0,1,1,1,0,1
23,0,1,0,3861,782,0,1,1,0,1,1,NaN,0,NaN
24,0,1,160,10230,1000,0,1,1,0,1,1,1,0,1
25,0,1,208,14501,1000,0,1,1,0,1,1,1,0,1
26,0,1,0,6510,757,0,1,1,0,1,1,NaN,0,NaN
27,0,1,78,6013,1000,0,1,1,0,1,1,1,0,1
28,0,1,604,44604,1000,0,1,1,0,1,1,1,0,1
29,0,1,114,7550,1000,0,1,1,0,1,1,1,0,1
30,0,1,0,2921,524,0,1,1,0,1,1,NaN,0,NaN
31,0,1,383,16652,1000,0,1,1,0,1,1,1,0,1
32,0,1,0,2059,313,0,1,1,0,1,1,NaN,0,NaN
33,0,1,98,7601,1000,0,1,1,0,1,1,1,0,1
34,0,1,133,7979,1000,0,1,1,0,1,1,1,0,1
35,0,1,0,3873,702,0,1,1,0,1,1,NaN,0,NaN
36,0,1,382,24833,1000,0,1,1,0,1,1,1,0,1
37,0,1,0,1791,406,0,1,1,0,1,1,NaN,0,NaN
38,0,1,0,1337,404,0,1,1,0,1,1,NaN,0,NaN
39,0,1,272,14031,1000,0,1,1,0,1,1,1,0,1
40,0,1,223,12208,1000,0,1,1,0,1,1,1,0,1
41,0,1,336,30588,1000,0,1,1,0,1,1,1,0,1
42,0,1,248,23483,1000,0,1,1,0,1,1,1,0,1
43,0,1,0,1295,325,0,1,1,0,1,1,NaN,0,NaN
44,0,1,0,3419,948,0,1,1,0,1,1,NaN,0,NaN
45,0,1,236,24934,1000,0,1,1,0,1,1,1,0,1
46,0,1,194,16378,1000,0,1,1,0,1,1,1,0,1
47,0,1,83,17644,1000,0,1,1,0,1,1,1,0,1
48,0,1,21,9570,1000,0,1,1,0,1,1,1,0,1
49,0,1,739,24193,1000,0,1,1,0,1,1,1,0,1
50,0,1,62,7294,1000,0,1,1,0,1,1,1,0,1
51,0,1,69,10977,1000,0,1,1,0,1,1,1,0,1
52,0,1,0,4516,690,0,1,1,0,1,1,NaN,0,NaN
53,0,1,0,1038,257,0,1,1,0,1,1,NaN,0,NaN
54,0,1,0,1202,339,0,1,1,0,1,1,NaN,0,NaN
55,0,1,0,2320,681,0,1,1,0,1,1,NaN,0,NaN
56,0,1,27,6730,1000,0,1,1,0,1,1,1,0,1
57,0,1,221,17301,1000,0,1,1,0,1,1,1,0,1
58,0,1,0,1736,352,0,1,1,0,1,1,NaN,0,NaN
59,0,1,173,16787,1000,0,1,1,0,1,1,1,0,1
60,0,1,297,13582,1000,0,1,1,0,1,1,1,0,1
61,0,1,388,39913,1000,0,1,1,0,1,1,1,0,1
62,0,1,0,2450,649,0,1,1,0,1,1,NaN,0,NaN
63,0,1,0,742,243,0,1,1,0,1,1,NaN,0,NaN
64,0,1,46,10291,1000,0,1,1,0,1,1,1,0,1
65,0,1,186,14041,1000,0,1,1,0,1,1,1,0,1
66,0,1,86,9548,1000,0,1,1,0,1,1,1,0,1
67,0,1,196,20056,1000,0,1,1,0,1,1,1,0,1
68,0,1,342,18062,1000,0,1,1,0,1,1,1,0,1
69,0,1,10,6823,1000,0,1,1,0,1,1,1,0,1
70,0,1,79,11418,1000,0,1,1,0,1,1,1,0,1
71,0,1,0,874,290,0,1,1,0,1,1,NaN,0,NaN
72,0,1,121,8850,1000,0,1,1,0,1,1,1,0,1
73,0,1,11,3862,1000,0,1,1,0,1,1,1,0,1
74,0,1,0,2809,596,0,1,1,0,1,1,NaN,0,NaN
75,0,1,0,1995,624,0,1,1,0,1,1,NaN,0,NaN
76,0,1,80,10206,1000,0,1,1,0,1,1,1,0,1
77,0,1,206,20371,1000,0,1,1,0,1,1,1,0,1
78,0,1,0,4427,779,0,1,1,0,1,1,NaN,0,NaN
79,0,1,0,3555,647,0,1,1,0,1,1,NaN,0,NaN
80,0,1,0,5486,973,0,1,1,0,1,1,NaN,0,NaN
81,0,1,181,9839,1000,0,1,1,0,1,1,1,0,1
82,0,1,0,1840,326,0,1,1,0,1,1,NaN,0,NaN
83,0,1,216,22550,1000,0,1,1,0,1,1,1,0,1
84,0,1,597,32161,1000,0,1,1,0,1,1,1,0,1
85,0,1,382,18577,1000,0,1,1,0,1,1,1,0,1
86,0,1,14,5219,1000,0,1,1,0,1,1,1,0,1
87,0,1,175,16997,1000,0,1,1,0,1,1,1,0,1
88,0,1,0,1475,349,0,1,1,0,1,1,NaN,0,NaN
89,0,1,239,17493,1000,0,1,1,0,1,1,1,0,1
90,0,1,262,23640,1000,0,1,1,0,1,1,1,0,1
91,0,1,215,12437,1000,0,1,1,0,1,1,1,0,1
92,0,1,33,9101,1000,0,1,1,0,1,1,1,0,1
93,0,1,196,19391,1000,0,1,1,0,1,1,1,0,1
94,0,1,76,6112,1000,0,1,1,0,1,1,1,0,1
95,0,1,0,1308,324,0,1,1,0,1,1,NaN,0,NaN
96,0,1,375,23793,1000,0,1,1,0,1,1,1,0,1
97,0,1,189,14505,1000,0,1,1,0,1,1,1,0,1
98,0,1,206,26143,1000,0,1,1,0,1,1,1,0,1
99,0,1,191,15593,1000,0,1,1,0,1,1,1,0,1
100,0,1,313,21523,1000,0,1,1,0,1,1,1,0,1
101,0,1,167,16334,1000,0,1,1,0,1,1,1,0,1
102,0,1,346,16359,1000,0,1,1,0,1,1,1,0,1
103,0,1,0,3985,864,0,1,1,0,1,1,NaN,0,NaN
104,0,1,58,12168,1000,0,1,1,0,1,1,1,0,1
105,0,1,0,1430,530,0,1,1,0,1,1,NaN,0,NaN
106,0,1,118,11825,1000,0,1,1,0,1,1,1,0,1
107,0,1,60,11293,1000,0,1,1,0,1,1,1,0,1
108,0,1,231,13326,1000,0,1,1,0,1,1,1,0,1
109,0,1,0,1471,350,0,1,1,0,1,1,NaN,0,NaN
110,0,1,92,7991,1000,0,1,1,0,1,1,1,0,1
111,0,1,185,10280,1000,0,1,1,0,1,1,1,0,1
112,0,1,29,7415,1000,0,1,1,0,1,1,1,0,1
113,0,1,251,19543,1000,0,1,1,0,1,1,1,0,1
114,0,1,79,7558,1000,0,1,1,0,1,1,1,0,1
115,0,1,35,10542,1000,0,1,1,0,1,1,1,0,1
116,0,1,147,11647,1000,0,1,1,0,1,1,1,0,1
117,0,1,12,5781,1000,0,1,1,0,1,1,1,0,1
118,0,1,0,1953,512,0,1,1,0,1,1,NaN,0,NaN
119,0,1,129,15490,1000,0,1,1,0,1,1,1,0,1
120,0,1,72,12325,1000,0,1,1,0,1,1,1,0,1
121,0,1,98,11046,1000,0,1,1,0,1,1,1,0,1
122,0,1,0,5166,633,0,1,1,0,1,1,NaN,0,NaN
123,0,1,0,4138,746,0,1,1,0,1,1,NaN,0,NaN
124,0,1,0,4585,715,0,1,1,0,1,1,NaN,0,NaN
125,0,1,287,18156,1000,0,1,1,0,1,1,1,0,1
126,0,1,139,9705,1000,0,1,1,0,1,1,1,0,1
127,0,1,145,17399,1000,0,1,1,0,1,1,1,0,1
128,0,1,48,8842,1000,0,1,1,0,1,1,1,0,1
129,0,1,186,11675,1000,0,1,1,0,1,1,1,0,1
130,0,1,0,1778,666,0,1,1,0,1,1,NaN,0,NaN
131,0,1,29,12709,1000,0,1,1,0,1,1,1,0,1
132,0,1,0,10073,955,0,1,1,0,1,1,NaN,0,NaN
133,0,1,51,5588,1000,0,1,1,0,1,1,1,0,1
134,0,1,20,9464,1000,0,1,1,0,1,1,1,0,1
135,0,1,128,17959,1000,0,1,1,0,1,1,1,0,1
136,0,1,186,20252,1000,0,1,1,0,1,1,1,0,1
137,0,1,103,14920,1000,0,1,1,0,1,1,1,0,1
138,0,1,50,4995,1000,0,1,1,0,1,1,1,0,1
139,0,1,32,9242,1000,0,1,1,0,1,1,1,0,1
140,0,1,0,1728,587,0,1,1,0,1,1,NaN,0,NaN
141,0,1,21,7213,1000,0,1,1,0,1,1,1,0,1
142,0,1,0,3158,998,0,1,1,0,1,1,NaN,0,NaN
143,0,1,455,31258,1000,0,1,1,0,1,1,1,0,1
144,0,1,43,4734,1000,0,1,1,0,1,1,1,0,1
145,0,1,511,37881,1000,0,1,1,0,1,1,1,0,1
146,0,1,123,8493,1000,0,1,1,0,1,1,1,0,1
147,0,1,173,12626,1000,0,1,1,0,1,1,1,0,1
148,0,1,280,17730,1000,0,1,1,0,1,1,1,0,1
149,0,1,0,5002,695,0,1,1,0,1,1,NaN,0,NaN
150,0,1,0,6221,907,0,1,1,0,1,1,NaN,0,NaN
151,0,1,0,4746,729,0,1,1,0,1,1,NaN,0,NaN
152,0,1,0,3497,801,0,1,1,0,1,1,NaN,0,NaN
153,0,1,65,12565,1000,0,1,1,0,1,1,1,0,1
154,0,1,0,873,491,0,1,1,0,1,1,NaN,0,NaN
155,0,1,0,3046,761,0,1,1,0,1,1,NaN,0,NaN
156,0,1,293,15614,1000,0,1,1,0,1,1,1,0,1
157,0,1,394,20538,1000,0,1,1,0,1,1,1,0,1
158,0,1,120,11080,1000,0,1,1,0,1,1,1,0,1
159,0,1,81,6222,1000,0,1,1,0,1,1,1,0,1
160,0,1,35,5507,1000,0,1,1,0,1,1,1,0,1
161,0,1,23,8431,1000,0,1,1,0,1,1,1,0,1
162,0,1,219,24194,1000,0,1,1,0,1,1,1,0,1
163,0,1,251,12431,1000,0,1,1,0,1,1,1,0,1
164,0,1,0,1532,389,0,1,1,0,1,1,NaN,0,NaN
165,0,1,0,1066,210,0,1,1,0,1,1,NaN,0,NaN
166,0,1,68,8216,1000,0,1,1,0,1,1,1,0,1
167,0,1,0,5514,718,0,1,1,0,1,1,NaN,0,NaN
168,0,1,0,2408,570,0,1,1,0,1,1,NaN,0,NaN
169,0,1,57,11279,1000,0,1,1,0,1,1,1,0,1
170,0,1,20,7240,1000,0,1,1,0,1,1,1,0,1
171,0,1,340,30613,1000,0,1,1,0,1,1,1,0,1
172,0,1,0,6593,815,0,1,1,0,1,1,NaN,0,NaN
173,0,1,98,9727,1000,0,1,1,0,1,1,1,0,1
174,0,1,0,4378,627,0,1,1,0,1,1,NaN,0,NaN
175,0,1,318,28499,1000,0,1,1,0,1,1,1,0,1
176,0,1,16,12404,1000,0,1,1,0,1,1,1,0,1
177,0,1,35,8240,1000,0,1,1,0,1,1,1,0,1
178,0,1,0,3280,459,0,1,1,0,1,1,NaN,0,NaN
179,0,1,288,21485,1000,0,1,1,0,1,1,1,0,1
180,0,1,0,2344,489,0,1,1,0,1,1,NaN,0,NaN
181,0,1,296,16003,1000,0,1,1,0,1,1,1,0,1
182,0,1,271,12087,1000,0,1,1,0,1,1,1,0,1
183,0,1,58,10479,1000,0,1,1,0,1,1,1,0,1
184,0,1,0,2140,340,0,1,1,0,1,1,NaN,0,NaN
185,0,1,45,10597,1000,0,1,1,0,1,1,1,0,1
186,0,1,4,10831,1000,0,1,1,0,1,1,1,0,1
187,0,1,0,1760,693,0,1,1,0,1,1,NaN,0,NaN
188,0,1,27,10591,1000,0,1,1,0,1,1,1,0,1
189,0,1,42,9413,1000,0,1,1,0,1,1,1,0,1
190,0,1,0,5559,827,0,1,1,0,1,1,NaN,0,NaN
191,0,1,0,3823,816,0,1,1,0,1,1,NaN,0,NaN
192,0,1,0,3825,713,0,1,1,0,1,1,NaN,0,NaN
193,0,1,0,2034,396,0,1,1,0,1,1,NaN,0,NaN
194,0,1,49,12964,1000,0,1,1,0,1,1,1,0,1
195,0,1,0,853,224,0,1,1,0,1,1,NaN,0,NaN
196,0,1,0,5752,806,0,1,1,0,1,1,NaN,0,NaN
197,0,1,433,17386,1000,0,1,1,0,1,1,1,0,1
198,0,1,69,8216,1000,0,1,1,0,1,1,1,0,1
199,0,1,52,15158,1000,0,1,1,0,1,1,1,0,1
200,0,1,68,8508,1000,0,1,1,0,1,1,1,0,1
201,0,1,0,782,266,0,1,1,0,1,1,NaN,0,NaN
202,0,1,36,4799,1000,0,1,1,0,1,1,1,0,1
203,0,1,0,2711,722,0,1,1,0,1,1,NaN,0,NaN
204,0,1,40,8912,1000,0,1,1,0,1,1,1,0,1
205,0,1,74,11845,1000,0,1,1,0,1,1,1,0,1
206,0,1,20,6356,1000,0,1,1,0,1,1,1,0,1
207,0,1,12,9557,1000,0,1,1,0,1,1,1,0,1
208,0,1,87,6763,1000,0,1,1,0,1,1,1,0,1
209,0,1,0,3741,498,0,1,1,0,1,1,NaN,0,NaN
210,0,1,156,14440,1000,0,1,1,0,1,1,1,0,1
211,0,1,224,11902,1000,0,1,1,0,1,1,1,0,1
212,0,1,83,8754,1000,0,1,1,0,1,1,1,0,1
213,0,1,129,8032,1000,0,1,1,0,1,1,1,0,1
214,0,1,8,4454,1000,0,1,1,0,1,1,1,0,1
215,0,1,45,8925,1000,0,1,1,0,1,1,1,0,1
216,0,1,22,6831,1000,0,1,1,0,1,1,1,0,1
217,0,1,38,9065,1000,0,1,1,0,1,1,1,0,1
218,0,1,50,11317,1000,0,1,1,0,1,1,1,0,1
219,0,1,39,5028,1000,0,1,1,0,1,1,1,0,1
220,0,1,262,18871,1000,0,1,1,0,1,1,1,0,1
221,0,1,0,4725,742,0,1,1,0,1,1,NaN,0,NaN
222,0,1,202,11652,1000,0,1,1,0,1,1,1,0,1
223,0,1,0,1592,278,0,1,1,0,1,1,NaN,0,NaN
224,0,1,0,2125,302,0,1,1,0,1,1,NaN,0,NaN
225,0,1,93,11934,1000,0,1,1,0,1,1,1,0,1
226,0,1,100,8905,1000,0,1,1,0,1,1,1,0,1
227,0,1,0,6651,827,0,1,1,0,1,1,NaN,0,NaN
228,0,1,0,1276,256,0,1,1,0,1,1,NaN,0,NaN
229,0,1,0,6286,929,0,1,1,0,1,1,NaN,0,NaN
230,0,1,184,12320,1000,0,1,1,0,1,1,1,0,1
231,0,1,0,3113,553,0,1,1,0,1,1,NaN,0,NaN
232,0,1,67,11320,1000,0,1,1,0,1,1,1,0,1
233,0,1,0,5396,838,0,1,1,0,1,1,NaN,0,NaN
234,0,1,223,23806,1000,0,1,1,0,1,1,1,0,1
235,0,1,427,27320,1000,0,1,1,0,1,1,1,0,1
236,0,1,78,9850,1000,0,1,1,0,1,1,1,0,1
237,0,1,111,4628,1000,0,1,1,0,1,1,1,0,1
238,0,1,89,18508,1000,0,1,1,0,1,1,1,0,1
239,0,1,0,5007,921,0,1,1,0,1,1,NaN,0,NaN
240,0,1,0,3148,725,0,1,1,0,1,1,NaN,0,NaN
241,0,1,184,17645,1000,0,1,1,0,1,1,1,0,1
242,0,1,85,8043,1000,0,1,1,0,1,1,1,0,1
243,0,1,101,12971,1000,0,1,1,0,1,1,1,0,1
244,0,1,280,24691,1000,0,1,1,0,1,1,1,0,1
245,0,1,120,17485,1000,0,1,1,0,1,1,1,0,1
246,0,1,25,8081,1000,0,1,1,0,1,1,1,0,1
247,0,1,379,25073,1000,0,1,1,0,1,1,1,0,1
248,0,1,255,13829,1000,0,1,1,0,1,1,1,0,1
249,0,1,13,11824,1000,0,1,1,0,1,1,1,0,1
250,0,1,0,1911,512,0,1,1,0,1,1,NaN,0,NaN
251,0,1,0,3056,808,0,1,1,0,1,1,NaN,0,NaN
252,0,1,2,6828,1000,0,1,1,0,1,1,1,0,1
253,0,1,302,14282,1000,0,1,1,0,1,1,1,0,1
254,0,1,82,13618,1000,0,1,1,0,1,1,1,0,1
255,0,1,1,4114,1000,0,1,1,0,1,1,1,0,1
256,0,1,198,15163,1000,0,1,1,0,1,1,1,0,1
257,0,1,60,5490,1000,0,1,1,0,1,1,1,0,1
258,0,1,8,3613,1000,0,1,1,0,1,1,1,0,1
259,0,1,0,1734,340,0,1,1,0,1,1,NaN,0,NaN
260,0,1,27,6660,1000,0,1,1,0,1,1,1,0,1
261,0,1,52,9317,1000,0,1,1,0,1,1,1,0,1
262,0,1,9,8133,1000,0,1,1,0,1,1,1,0,1
263,0,1,67,5465,1000,0,1,1,0,1,1,1,0,1
264,0,1,0,2652,342,0,1,1,0,1,1,NaN,0,NaN
265,0,1,0,4118,812,0,1,1,0,1,1,NaN,0,NaN
266,0,1,48,12238,1000,0,1,1,0,1,1,1,0,1
267,0,1,488,40755,1000,0,1,1,0,1,1,1,0,1
268,0,1,0,2973,383,0,1,1,0,1,1,NaN,0,NaN
269,0,1,0,2499,533,0,1,1,0,1,1,NaN,0,NaN
270,0,1,0,5156,768,0,1,1,0,1,1,NaN,0,NaN
271,0,1,0,3542,541,0,1,1,0,1,1,NaN,0,NaN
272,0,1,142,10930,1000,0,1,1,0,1,1,1,0,1
273,0,1,65,14700,1000,0,1,1,0,1,1,1,0,1
274,0,1,316,15338,1000,0,1,1,0,1,1,1,0,1
275,0,1,115,7263,1000,0,1,1,0,1,1,1,0,1
276,0,1,0,2424,492,0,1,1,0,1,1,NaN,0,NaN
277,0,1,0,6823,953,0,1,1,0,1,1,NaN,0,NaN
278,0,1,2,10309,1000,0,1,1,0,1,1,1,0,1
279,0,1,0,3306,602,0,1,1,0,1,1,NaN,0,NaN
280,0,1,146,6683,1000,0,1,1,0,1,1,1,0,1
281,0,1,194,19772,1000,0,1,1,0,1,1,1,0,1
282,0,1,98,9305,1000,0,1,1,0,1,1,1,0,1
283,0,1,258,11667,1000,0,1,1,0,1,1,1,0,1
284,0,1,0,1489,422,0,1,1,0,1,1,NaN,0,NaN
285,0,1,0,2549,443,0,1,1,0,1,1,NaN,0,NaN
286,0,1,0,2157,429,0,1,1,0,1,1,NaN,0,NaN
287,0,1,71,7203,1000,0,1,1,0,1,1,1,0,1
288,0,1,308,22638,1000,0,1,1,0,1,1,1,0,1
289,0,1,0,3588,656,0,1,1,0,1,1,NaN,0,NaN
290,0,1,0,2928,590,0,1,1,0,1,1,NaN,0,NaN
291,0,1,0,6773,933,0,1,1,0,1,1,NaN,0,NaN
292,0,1,71,10819,1000,0,1,1,0,1,1,1,0,1
293,0,1,49,10286,1000,0,1,1,0,1,1,1,0,1
294,0,1,159,15598,1000,0,1,1,0,1,1,1,0,1
295,0,1,125,13310,1000,0,1,1,0,1,1,1,0,1
296,0,1,41,9300,1000,0,1,1,0,1,1,1,0,1
297,0,1,0,848,267,0,1,1,0,1,1,NaN,0,NaN
298,0,1,12,5259,1000,0,1,1,0,1,1,1,0,1
299,0,1,0,3572,599,0,1,1,0,1,1,NaN,0,NaN
300,0,1,199,11498,1000,0,1,1,0,1,1,1,0,1
301,0,1,0,595,177,0,1,1,0,1,1,NaN,0,NaN
302,0,1,212,13598,1000,0,1,1,0,1,1,1,0,1
303,0,1,6,7371,1000,0,1,1,0,1,1,1,0,1
304,0,1,137,9744,1000,0,1,1,0,1,1,1,0,1
305,0,1,803,42871,1000,0,1,1,0,1,1,1,0,1
306,0,1,44,11103,1000,0,1,1,0,1,1,1,0,1
307,0,1,239,14278,1000,0,1,1,0,1,1,1,0,1
308,0,1,0,3212,741,0,1,1,0,1,1,NaN,0,NaN
309,0,1,9,3793,1000,0,1,1,0,1,1,1,0,1
310,0,1,234,17887,1000,0,1,1,0,1,1,1,0,1
311,0,1,32,23317,1000,0,1,1,0,1,1,1,0,1
312,0,1,0,4290,646,0,1,1,0,1,1,NaN,0,NaN
313,0,1,0,8163,929,0,1,1,0,1,1,NaN,0,NaN
314,0,1,0,1968,388,0,1,1,0,1,1,NaN,0,NaN
315,0,1,15,3772,1000,0,1,1,0,1,1,1,0,1
316,0,1,80,9296,1000,0,1,1,0,1,1,1,0,1
317,0,1,0,3803,815,0,1,1,0,1,1,NaN,0,NaN
318,0,1,405,24570,1000,0,1,1,0,1,1,1,0,1
319,0,1,0,2988,704,0,1,1,0,1,1,NaN,0,NaN
320,0,1,0,1907,453,0,1,1,0,1,1,NaN,0,NaN
321,0,1,36,6323,1000,0,1,1,0,1,1,1,0,1
322,0,1,11,13028,1000,0,1,1,0,1,1,1,0,1
323,0,1,95,13154,1000,0,1,1,0,1,1,1,0,1
324,0,1,0,588,205,0,1,1,0,1,1,NaN,0,NaN
325,0,1,34,8614,1000,0,1,1,0,1,1,1,0,1
326,0,1,0,3340,598,0,1,1,0,1,1,NaN,0,NaN
327,0,1,182,23598,1000,0,1,1,0,1,1,1,0,1
328,0,1,180,13478,1000,0,1,1,0,1,1,1,0,1
329,0,1,0,3729,993,0,1,1,0,1,1,NaN,0,NaN
330,0,1,0,3554,512,0,1,1,0,1,1,NaN,0,NaN
331,0,1,0,1894,664,0,1,1,0,1,1,NaN,0,NaN
332,0,1,140,13820,1000,0,1,1,0,1,1,1,0,1
333,0,1,390,30817,1000,0,1,1,0,1,1,1,0,1
334,0,1,112,11024,1000,0,1,1,0,1,1,1,0,1
335,0,1,540,34010,1000,0,1,1,0,1,1,1,0,1
336,0,1,0,827,310,0,1,1,0,1,1,NaN,0,NaN
337,0,1,0,1007,250,0,1,1,0,1,1,NaN,0,NaN
338,0,1,80,13091,1000,0,1,1,0,1,1,1,0,1
339,0,1,687,29561,1000,0,1,1,0,1,1,1,0,1
340,0,1,0,2613,482,0,1,1,0,1,1,NaN,0,NaN
341,0,1,0,3280,809,0,1,1,0,1,1,NaN,0,NaN
342,0,1,392,25651,1000,0,1,1,0,1,1,1,0,1
343,0,1,0,3827,650,0,1,1,0,1,1,NaN,0,NaN
344,0,1,0,5077,793,0,1,1,0,1,1,NaN,0,NaN
345,0,1,408,23804,1000,0,1,1,0,1,1,1,0,1
346,0,1,135,10473,1000,0,1,1,0,1,1,1,0,1
347,0,1,263,15500,1000,0,1,1,0,1,1,1,0,1
348,0,1,144,16244,1000,0,1,1,0,1,1,1,0,1
349,0,1,7,6719,1000,0,1,1,0,1,1,1,0,1
350,0,1,100,14121,1000,0,1,1,0,1,1,1,0,1
351,0,1,0,6283,707,0,1,1,0,1,1,NaN,0,NaN
352,0,1,0,4766,564,0,1,1,0,1,1,NaN,0,NaN
353,0,1,441,25721,1000,0,1,1,0,1,1,1,0,1
354,0,1,206,17808,1000,0,1,1,0,1,1,1,0,1
355,0,1,172,20179,1000,0,1,1,0,1,1,1,0,1
356,0,1,0,4408,860,0,1,1,0,1,1,NaN,0,NaN
357,0,1,0,1937,671,0,1,1,0,1,1,NaN,0,NaN
358,0,1,309,22573,1000,0,1,1,0,1,1,1,0,1
359,0,1,73,8804,1000,0,1,1,0,1,1,1,0,1
360,0,1,0,2350,470,0,1,1,0,1,1,NaN,0,NaN
361,0,1,142,10966,1000,0,1,1,0,1,1,1,0,1
362,0,1,81,10708,1000,0,1,1,0,1,1,1,0,1
363,0,1,213,17667,1000,0,1,1,0,1,1,1,0,1
364,0,1,156,13863,1000,0,1,1,0,1,1,1,0,1
365,0,1,400,19702,1000,0,1,1,0,1,1,1,0,1
366,0,1,543,34162,1000,0,1,1,0,1,1,1,0,1
367,0,1,0,3775,539,0,1,1,0,1,1,NaN,0,NaN
368,0,1,85,13299,1000,0,1,1,0,1,1,1,0,1
369,0,1,0,2303,963,0,1,1,0,1,1,NaN,0,NaN
370,0,1,0,3302,511,0,1,1,0,1,1,NaN,0,NaN
371,0,1,256,26372,1000,0,1,1,0,1,1,1,0,1
372,0,1,287,23282,1000,0,1,1,0,1,1,1,0,1
373,0,1,0,4087,657,0,1,1,0,1,1,NaN,0,NaN
374,0,1,17,3711,1000,0,1,1,0,1,1,1,0,1
375,0,1,183,27371,1000,0,1,1,0,1,1,1,0,1
376,0,1,143,11379,1000,0,1,1,0,1,1,1,0,1
377,0,1,49,8790,1000,0,1,1,0,1,1,1,0,1
378,0,1,0,1199,292,0,1,1,0,1,1,NaN,0,NaN
379,0,1,305,22738,1000,0,1,1,0,1,1,1,0,1
380,0,1,84,16902,1000,0,1,1,0,1,1,1,0,1
381,0,1,110,13437,1000,0,1,1,0,1,1,1,0,1
382,0,1,296,23168,1000,0,1,1,0,1,1,1,0,1
383,0,1,0,2220,412,0,1,1,0,1,1,NaN,0,NaN
384,0,1,0,4376,775,0,1,1,0,1,1,NaN,0,NaN
385,0,1,143,14100,1000,0,1,1,0,1,1,1,0,1
386,0,1,0,1451,384,0,1,1,0,1,1,NaN,0,NaN
387,0,1,373,22541,1000,0,1,1,0,1,1,1,0,1
388,0,1,43,5664,1000,0,1,1,0,1,1,1,0,1
389,0,1,29,9637,1000,0,1,1,0,1,1,1,0,1
390,0,1,9,9777,1000,0,1,1,0,1,1,1,0,1
391,0,1,0,2266,746,0,1,1,0,1,1,NaN,0,NaN
392,0,1,646,36878,1000,0,1,1,0,1,1,1,0,1
393,0,1,0,3644,588,0,1,1,0,1,1,NaN,0,NaN
394,0,1,0,2244,524,0,1,1,0,1,1,NaN,0,NaN
395,0,1,0,6534,876,0,1,1,0,1,1,NaN,0,NaN
396,0,1,0,3363,599,0,1,1,0,1,1,NaN,0,NaN
397,0,1,0,4788,715,0,1,1,0,1,1,NaN,0,NaN
398,0,1,56,16287,1000,0,1,1,0,1,1,1,0,1
399,0,1,107,12279,1000,0,1,1,0,1,1,1,0,1
400,0,1,0,1029,171,0,1,1,0,1,1,NaN,0,NaN
401,0,1,185,11008,1000,0,1,1,0,1,1,1,0,1
402,0,1,182,14074,1000,0,1,1,0,1,1,1,0,1
403,0,1,3,8303,1000,0,1,1,0,1,1,1,0,1
404,0,1,90,16708,1000,0,1,1,0,1,1,1,0,1
405,0,1,0,1607,385,0,1,1,0,1,1,NaN,0,NaN
406,0,1,43,7717,1000,0,1,1,0,1,1,1,0,1
407,0,1,143,10305,1000,0,1,1,0,1,1,1,0,1
408,0,1,0,1733,386,0,1,1,0,1,1,NaN,0,NaN
409,0,1,52,10563,1000,0,1,1,0,1,1,1,0,1
410,0,1,134,13802,1000,0,1,1,0,1,1,1,0,1
411,0,1,117,15330,1000,0,1,1,0,1,1,1,0,1
412,0,1,134,14336,1000,0,1,1,0,1,1,1,0,1
413,0,1,192,12853,1000,0,1,1,0,1,1,1,0,1
414,0,1,167,19498,1000,0,1,1,0,1,1,1,0,1
415,0,1,88,11047,1000,0,1,1,0,1,1,1,0,1
416,0,1,0,2054,347,0,1,1,0,1,1,NaN,0,NaN
417,0,1,0,800,143,0,1,1,0,1,1,NaN,0,NaN
418,0,1,0,970,311,0,1,1,0,1,1,NaN,0,NaN
419,0,1,131,11069,1000,0,1,1,0,1,1,1,0,1
420,0,1,136,14804,1000,0,1,1,0,1,1,1,0,1
421,0,1,0,3850,737,0,1,1,0,1,1,NaN,0,NaN
422,0,1,0,910,365,0,1,1,0,1,1,NaN,0,NaN
423,0,1,27,13587,1000,0,1,1,0,1,1,1,0,1
424,0,1,0,1146,613,0,1,1,0,1,1,NaN,0,NaN
425,0,1,0,1253,293,0,1,1,0,1,1,NaN,0,NaN
426,0,1,0,4333,578,0,1,1,0,1,1,NaN,0,NaN
427,0,1,0,2963,587,0,1,1,0,1,1,NaN,0,NaN
428,0,1,61,9481,1000,0,1,1,0,1,1,1,0,1
429,0,1,3,5001,1000,0,1,1,0,1,1,1,0,1
430,0,1,1,5334,1000,0,1,1,0,1,1,1,0,1
431,0,1,183,9087,1000,0,1,1,0,1,1,1,0,1
432,0,1,56,11332,1000,0,1,1,0,1,1,1,0,1
433,0,1,0,1470,379,0,1,1,0,1,1,NaN,0,NaN
434,0,1,0,9222,887,0,1,1,0,1,1,NaN,0,NaN
435,0,1,91,16162,1000,0,1,1,0,1,1,1,0,1
436,0,1,8,6805,1000,0,1,1,0,1,1,1,0,1
437,0,1,0,5925,870,0,1,1,0,1,1,NaN,0,NaN
438,0,1,202,20350,1000,0,1,1,0,1,1,1,0,1
439,0,1,212,19991,1000,0,1,1,0,1,1,1,0,1
440,0,1,0,3220,611,0,1,1,0,1,1,NaN,0,NaN
441,0,1,0,5057,703,0,1,1,0,1,1,NaN,0,NaN
442,0,1,0,2165,457,0,1,1,0,1,1,NaN,0,NaN
443,0,1,294,13882,1000,0,1,1,0,1,1,1,0,1
444,0,1,345,24470,1000,0,1,1,0,1,1,1,0,1
445,0,1,312,17596,1000,0,1,1,0,1,1,1,0,1
446,0,1,0,1362,328,0,1,1,0,1,1,NaN,0,NaN
447,0,1,321,14179,1000,0,1,1,0,1,1,1,0,1
448,0,1,75,8635,1000,0,1,1,0,1,1,1,0,1
449,0,1,0,3522,902,0,1,1,0,1,1,NaN,0,NaN
450,0,1,11,7235,1000,0,1,1,0,1,1,1,0,1
451,0,1,157,13757,1000,0,1,1,0,1,1,1,0,1
452,0,1,279,23710,1000,0,1,1,0,1,1,1,0,1
453,0,1,32,10325,1000,0,1,1,0,1,1,1,0,1
454,0,1,5,4166,1000,0,1,1,0,1,1,1,0,1
455,0,1,0,7017,972,0,1,1,0,1,1,NaN,0,NaN
456,0,1,226,12239,1000,0,1,1,0,1,1,1,0,1
457,0,1,40,6538,1000,0,1,1,0,1,1,1,0,1
458,0,1,91,12793,1000,0,1,1,0,1,1,1,0,1
459,0,1,56,7919,1000,0,1,1,0,1,1,1,0,1
460,0,1,17,5158,1000,0,1,1,0,1,1,1,0,1
461,0,1,59,7714,1000,0,1,1,0,1,1,1,0,1
462,0,1,2,6471,1000,0,1,1,0,1,1,1,0,1
463,0,1,11,8594,1000,0,1,1,0,1,1,1,0,1
464,0,1,0,2888,703,0,1,1,0,1,1,NaN,0,NaN
465,0,1,444,18988,1000,0,1,1,0,1,1,1,0,1
466,0,1,147,27844,1000,0,1,1,0,1,1,1,0,1
467,0,1,117,11394,1000,0,1,1,0,1,1,1,0,1
468,0,1,79,8717,1000,0,1,1,0,1,1,1,0,1
469,0,1,0,827,240,0,1,1,0,1,1,NaN,0,NaN
470,0,1,37,10630,1000,0,1,1,0,1,1,1,0,1
471,0,1,59,8661,1000,0,1,1,0,1,1,1,0,1
472,0,1,0,8107,965,0,1,1,0,1,1,NaN,0,NaN
473,0,1,0,4802,985,0,1,1,0,1,1,NaN,0,NaN
474,0,1,244,15582,1000,0,1,1,0,1,1,1,0,1
475,0,1,0,854,214,0,1,1,0,1,1,NaN,0,NaN
476,0,1,145,12976,1000,0,1,1,0,1,1,1,0,1
477,0,1,9,9182,1000,0,1,1,0,1,1,1,0,1
478,0,1,0,2811,564,0,1,1,0,1,1,NaN,0,NaN
479,0,1,86,15252,1000,0,1,1,0,1,1,1,0,1
480,0,1,216,13483,1000,0,1,1,0,1,1,1,0,1
481,0,1,0,762,265,0,1,1,0,1,1,NaN,0,NaN
482,0,1,0,1155,264,0,1,1,0,1,1,NaN,0,NaN
483,0,1,534,29627,1000,0,1,1,0,1,1,1,0,1
484,0,1,50,13250,1000,0,1,1,0,1,1,1,0,1
485,0,1,251,8027,1000,0,1,1,0,1,1,1,0,1
486,0,1,0,2069,296,0,1,1,0,1,1,NaN,0,NaN
487,0,1,105,19367,1000,0,1,1,0,1,1,1,0,1
488,0,1,0,1148,246,0,1,1,0,1,1,NaN,0,NaN
489,0,1,0,2984,884,0,1,1,0,1,1,NaN,0,NaN
490,0,1,627,37397,1000,0,1,1,0,1,1,1,0,1
491,0,1,108,5710,1000,0,1,1,0,1,1,1,0,1
492,0,1,0,1335,417,0,1,1,0,1,1,NaN,0,NaN
493,0,1,0,1912,617,0,1,1,0,1,1,NaN,0,NaN
494,0,1,2,9342,1000,0,1,1,0,1,1,1,0,1
495,0,1,38,6817,1000,0,1,1,0,1,1,1,0,1
496,0,1,137,19150,1000,0,1,1,0,1,1,1,0,1
497,0,1,299,26655,1000,0,1,1,0,1,1,1,0,1
498,0,1,7,7678,1000,0,1,1,0,1,1,1,0,1
499,0,1,38,9007,1000,0,1,1,0,1,1,1,0,1
500,0,1,3,3233,1000,0,1,1,0,1,1,1,0,1
501,0,1,0,1605,414,0,1,1,0,1,1,NaN,0,NaN
502,0,1,229,16175,1000,0,1,1,0,1,1,1,0,1
503,0,1,404,25078,1000,0,1,1,0,1,1,1,0,1
504,0,1,18,7447,1000,0,1,1,0,1,1,1,0,1
505,0,1,36,8226,1000,0,1,1,0,1,1,1,0,1
506,0,1,0,1946,380,0,1,1,0,1,1,NaN,0,NaN
507,0,1,65,7581,1000,0,1,1,0,1,1,1,0,1
508,0,1,119,11346,1000,0,1,1,0,1,1,1,0,1
509,0,1,0,4467,573,0,1,1,0,1,1,NaN,0,NaN
510,0,1,203,12108,1000,0,1,1,0,1,1,1,0,1
511,0,1,116,15176,1000,0,1,1,0,1,1,1,0,1
512,0,1,63,12277,1000,0,1,1,0,1,1,1,0,1
513,0,1,0,1211,297,0,1,1,0,1,1,NaN,0,NaN
514,0,1,176,15204,1000,0,1,1,0,1,1,1,0,1
515,0,1,474,18294,1000,0,1,1,0,1,1,1,0,1
516,0,1,0,1805,491,0,1,1,0,1,1,NaN,0,NaN
517,0,1,0,3443,617,0,1,1,0,1,1,NaN,0,NaN
518,0,1,104,24525,1000,0,1,1,0,1,1,1,0,1
519,0,1,443,27492,1000,0,1,1,0,1,1,1,0,1
520,0,1,48,7803,1000,0,1,1,0,1,1,1,0,1
521,0,1,75,4882,1000,0,1,1,0,1,1,1,0,1
522,0,1,184,9970,1000,0,1,1,0,1,1,1,0,1
523,0,1,224,15934,1000,0,1,1,0,1,1,1,0,1
524,0,1,0,2765,349,0,1,1,0,1,1,NaN,0,NaN
525,0,1,0,1563,548,0,1,1,0,1,1,NaN,0,NaN
526,0,1,294,15904,1000,0,1,1,0,1,1,1,0,1
527,0,1,30,8206,1000,0,1,1,0,1,1,1,0,1
528,0,1,0,5578,920,0,1,1,0,1,1,NaN,0,NaN
529,0,1,36,7437,1000,0,1,1,0,1,1,1,0,1
530,0,1,24,4774,1000,0,1,1,0,1,1,1,0,1
531,0,1,0,10551,990,0,1,1,0,1,1,NaN,0,NaN
532,0,1,4,5547,1000,0,1,1,0,1,1,1,0,1
533,0,1,0,5149,626,0,1,1,0,1,1,NaN,0,NaN
534,0,1,0,2691,516,0,1,1,0,1,1,NaN,0,NaN
535,0,1,190,19995,1000,0,1,1,0,1,1,1,0,1
536,0,1,0,4897,773,0,1,1,0,1,1,NaN,0,NaN
537,0,1,29,5043,1000,0,1,1,0,1,1,1,0,1
538,0,1,0,1164,300,0,1,1,0,1,1,NaN,0,NaN
539,0,1,0,3789,738,0,1,1,0,1,1,NaN,0,NaN
540,0,1,92,5348,1000,0,1,1,0,1,1,1,0,1
541,0,1,58,6755,1000,0,1,1,0,1,1,1,0,1
542,0,1,43,6594,1000,0,1,1,0,1,1,1,0,1
543,0,1,0,3503,689,0,1,1,0,1,1,NaN,0,NaN
544,0,1,0,2229,492,0,1,1,0,1,1,NaN,0,NaN
545,0,1,216,11633,1000,0,1,1,0,1,1,1,0,1
546,0,1,0,1506,345,0,1,1,0,1,1,NaN,0,NaN
547,0,1,0,4303,551,0,1,1,0,1,1,NaN,0,NaN
548,0,1,0,4670,795,0,1,1,0,1,1,NaN,0,NaN
549,0,1,24,8700,1000,0,1,1,0,1,1,1,0,1
550,0,1,63,13855,1000,0,1,1,0,1,1,1,0,1
551,0,1,182,14675,1000,0,1,1,0,1,1,1,0,1
552,0,1,0,2021,475,0,1,1,0,1,1,NaN,0,NaN
553,0,1,244,14089,1000,0,1,1,0,1,1,1,0,1
554,0,1,108,14078,1000,0,1,1,0,1,1,1,0,1
555,0,1,499,30538,1000,0,1,1,0,1,1,1,0,1
556,0,1,0,3379,981,0,1,1,0,1,1,NaN,0,NaN
557,0,1,0,4303,893,0,1,1,0,1,1,NaN,0,NaN
558,0,1,46,12174,1000,0,1,1,0,1,1,1,0,1
559,0,1,182,10637,1000,0,1,1,0,1,1,1,0,1
560,0,1,0,2108,458,0,1,1,0,1,1,NaN,0,NaN
561,0,1,86,8609,1000,0,1,1,0,1,1,1,0,1
562,0,1,221,25991,1000,0,1,1,0,1,1,1,0,1
563,0,1,554,35392,1000,0,1,1,0,1,1,1,0,1
564,0,1,211,10698,1000,0,1,1,0,1,1,1,0,1
565,0,1,224,23736,1000,0,1,1,0,1,1,1,0,1
566,0,1,170,17285,1000,0,1,1,0,1,1,1,0,1
567,0,1,0,3433,791,0,1,1,0,1,1,NaN,0,NaN
568,0,1,4,4937,1000,0,1,1,0,1,1,1,0,1
569,0,1,16,5511,1000,0,1,1,0,1,1,1,0,1
570,0,1,0,2367,473,0,1,1,0,1,1,NaN,0,NaN
571,0,1,88,8506,1000,0,1,1,0,1,1,1,0,1
572,0,1,0,11044,941,0,1,1,0,1,1,NaN,0,NaN
573,0,1,155,13612,1000,0,1,1,0,1,1,1,0,1
574,0,1,216,14310,1000,0,1,1,0,1,1,1,0,1
575,0,1,329,14328,1000,0,1,1,0,1,1,1,0,1
576,0,1,62,12145,1000,0,1,1,0,1,1,1,0,1
577,0,1,0,3393,586,0,1,1,0,1,1,NaN,0,NaN
578,0,1,0,5138,687,0,1,1,0,1,1,NaN,0,NaN
579,0,1,30,4823,1000,0,1,1,0,1,1,1,0,1
580,0,1,0,1350,355,0,1,1,0,1,1,NaN,0,NaN
581,0,1,89,7367,1000,0,1,1,0,1,1,1,0,1
582,0,1,9,8490,1000,0,1,1,0,1,1,1,0,1
583,0,1,66,5797,1000,0,1,1,0,1,1,1,0,1
584,0,1,0,1895,795,0,1,1,0,1,1,NaN,0,NaN
585,0,1,0,2447,450,0,1,1,0,1,1,NaN,0,NaN
586,0,1,0,7945,838,0,1,1,0,1,1,NaN,0,NaN
587,0,1,293,10436,1000,0,1,1,0,1,1,1,0,1
588,0,1,0,4268,738,0,1,1,0,1,1,NaN,0,NaN
589,0,1,0,2439,527,0,1,1,0,1,1,NaN,0,NaN
590,0,1,0,2555,591,0,1,1,0,1,1,NaN,0,NaN
591,0,1,0,1150,418,0,1,1,0,1,1,NaN,0,NaN
592,0,1,53,7347,1000,0,1,1,0,1,1,1,0,1
593,0,1,75,17148,1000,0,1,1,0,1,1,1,0,1
594,0,1,71,5828,1000,0,1,1,0,1,1,1,0,1
595,0,1,0,3109,732,0,1,1,0,1,1,NaN,0,NaN
596,0,1,0,2384,460,0,1,1,0,1,1,NaN,0,NaN
597,0,1,522,21424,1000,0,1,1,0,1,1,1,0,1
598,0,1,14,5641,1000,0,1,1,0,1,1,1,0,1
599,0,1,39,8129,1000,0,1,1,0,1,1,1,0,1
600,0,1,252,19445,1000,0,1,1,0,1,1,1,0,1
601,0,1,566,19576,1000,0,1,1,0,1,1,1,0,1
602,0,1,40,8995,1000,0,1,1,0,1,1,1,0,1
603,0,1,21,4554,1000,0,1,1,0,1,1,1,0,1
604,0,1,45,4797,1000,0,1,1,0,1,1,1,0,1
605,0,1,39,7135,1000,0,1,1,0,1,1,1,0,1
606,0,1,0,3436,703,0,1,1,0,1,1,NaN,0,NaN
607,0,1,59,6103,1000,0,1,1,0,1,1,1,0,1
608,0,1,0,3992,550,0,1,1,0,1,1,NaN,0,NaN
609,0,1,0,2957,570,0,1,1,0,1,1,NaN,0,NaN
610,0,1,0,5292,702,0,1,1,0,1,1,NaN,0,NaN
611,0,1,38,6788,1000,0,1,1,0,1,1,1,0,1
612,0,1,4,2593,1000,0,1,1,0,1,1,1,0,1
613,0,1,64,6636,1000,0,1,1,0,1,1,1,0,1
614,0,1,86,7315,1000,0,1,1,0,1,1,1,0,1
615,0,1,0,1732,384,0,1,1,0,1,1,NaN,0,NaN
616,0,1,0,4022,877,0,1,1,0,1,1,NaN,0,NaN
617,0,1,0,2410,799,0,1,1,0,1,1,NaN,0,NaN
618,0,1,261,26641,1000,0,1,1,0,1,1,1,0,1
619,0,1,77,5831,1000,0,1,1,0,1,1,1,0,1
620,0,1,0,2727,412,0,1,1,0,1,1,NaN,0,NaN
621,0,1,40,9823,1000,0,1,1,0,1,1,1,0,1
622,0,1,0,1672,532,0,1,1,0,1,1,NaN,0,NaN
623,0,1,0,745,312,0,1,1,0,1,1,NaN,0,NaN
624,0,1,0,3795,627,0,1,1,0,1,1,NaN,0,NaN
625,0,1,412,22802,1000,0,1,1,0,1,1,1,0,1
626,0,1,0,8693,949,0,1,1,0,1,1,NaN,0,NaN
627,0,1,0,1354,746,0,1,1,0,1,1,NaN,0,NaN
628,0,1,0,2813,909,0,1,1,0,1,1,NaN,0,NaN
629,0,1,128,7347,1000,0,1,1,0,1,1,1,0,1
630,0,1,245,18018,1000,0,1,1,0,1,1,1,0,1
631,0,1,153,12736,1000,0,1,1,0,1,1,1,0,1
632,0,1,103,10867,1000,0,1,1,0,1,1,1,0,1
633,0,1,142,9299,1000,0,1,1,0,1,1,1,0,1
634,0,1,181,13049,1000,0,1,1,0,1,1,1,0,1
635,0,1,0,2103,426,0,1,1,0,1,1,NaN,0,NaN
636,0,1,136,11233,1000,0,1,1,0,1,1,1,0,1
637,0,1,82,9256,1000,0,1,1,0,1,1,1,0,1
638,0,1,252,18698,1000,0,1,1,0,1,1,1,0,1
639,0,1,153,12698,1000,0,1,1,0,1,1,1,0,1
640,0,1,200,18958,1000,0,1,1,0,1,1,1,0,1
641,0,1,103,9527,1000,0,1,1,0,1,1,1,0,1
642,0,1,0,6420,919,0,1,1,0,1,1,NaN,0,NaN
643,0,1,0,5354,742,0,1,1,0,1,1,NaN,0,NaN
644,0,1,0,2800,665,0,1,1,0,1,1,NaN,0,NaN
645,0,1,98,10829,1000,0,1,1,0,1,1,1,0,1
646,0,1,0,2970,711,0,1,1,0,1,1,NaN,0,NaN
647,0,1,184,6301,1000,0,1,1,0,1,1,1,0,1
648,0,1,102,13376,1000,0,1,1,0,1,1,1,0,1
649,0,1,0,2457,548,0,1,1,0,1,1,NaN,0,NaN
650,0,1,22,6667,1000,0,1,1,0,1,1,1,0,1
651,0,1,362,20716,1000,0,1,1,0,1,1,1,0,1
652,0,1,0,6476,911,0,1,1,0,1,1,NaN,0,NaN
653,0,1,0,4775,976,0,1,1,0,1,1,NaN,0,NaN
654,0,1,19,8676,1000,0,1,1,0,1,1,1,0,1
655,0,1,0,3475,621,0,1,1,0,1,1,NaN,0,NaN
656,0,1,108,9454,1000,0,1,1,0,1,1,1,0,1
657,0,1,4,11304,1000,0,1,1,0,1,1,1,0,1
658,0,1,16,6655,1000,0,1,1,0,1,1,1,0,1
659,0,1,0,4308,775,0,1,1,0,1,1,NaN,0,NaN
660,0,1,270,16942,1000,0,1,1,0,1,1,1,0,1
661,0,1,104,15524,1000,0,1,1,0,1,1,1,0,1
662,0,1,0,3531,776,0,1,1,0,1,1,NaN,0,NaN
663,0,1,160,13333,1000,0,1,1,0,1,1,1,0,1
664,0,1,0,4142,762,0,1,1,0,1,1,NaN,0,NaN
665,0,1,370,18250,1000,0,1,1,0,1,1,1,0,1
666,0,1,131,10845,1000,0,1,1,0,1,1,1,0,1
667,0,1,126,8531,1000,0,1,1,0,1,1,1,0,1
668,0,1,3,4846,1000,0,1,1,0,1,1,1,0,1
669,0,1,64,12300,1000,0,1,1,0,1,1,1,0,1
670,0,1,0,5339,694,0,1,1,0,1,1,NaN,0,NaN
671,0,1,0,3494,633,0,1,1,0,1,1,NaN,0,NaN
672,0,1,46,6566,1000,0,1,1,0,1,1,1,0,1
673,0,1,0,1401,276,0,1,1,0,1,1,NaN,0,NaN
674,0,1,0,2571,683,0,1,1,0,1,1,NaN,0,NaN
675,0,1,98,8963,1000,0,1,1,0,1,1,1,0,1
676,0,1,145,10755,1000,0,1,1,0,1,1,1,0,1
677,0,1,0,1934,311,0,1,1,0,1,1,NaN,0,NaN
678,0,1,19,3547,1000,0,1,1,0,1,1,1,0,1
679,0,1,69,5891,1000,0,1,1,0,1,1,1,0,1
680,0,1,0,4394,610,0,1,1,0,1,1,NaN,0,NaN
681,0,1,160,20681,1000,0,1,1,0,1,1,1,0,1
682,0,1,58,4041,1000,0,1,1,0,1,1,1,0,1
683,0,1,0,10323,788,0,1,1,0,1,1,NaN,0,NaN
684,0,1,334,20037,1000,0,1,1,0,1,1,1,0,1
685,0,1,236,10540,1000,0,1,1,0,1,1,1,0,1
686,0,1,119,12778,1000,0,1,1,0,1,1,1,0,1
687,0,1,0,4963,578,0,1,1,0,1,1,NaN,0,NaN
688,0,1,201,16209,1000,0,1,1,0,1,1,1,0,1
689,0,1,0,1936,344,0,1,1,0,1,1,NaN,0,NaN
690,0,1,0,6056,650,0,1,1,0,1,1,NaN,0,NaN
691,0,1,0,9162,885,0,1,1,0,1,1,NaN,0,NaN
692,0,1,195,10871,1000,0,1,1,0,1,1,1,0,1
693,0,1,71,12569,1000,0,1,1,0,1,1,1,0,1
694,0,1,23,8954,1000,0,1,1,0,1,1,1,0,1
695,0,1,37,8988,1000,0,1,1,0,1,1,1,0,1
696,0,1,0,848,217,0,1,1,0,1,1,NaN,0,NaN
697,0,1,94,15717,1000,0,1,1,0,1,1,1,0,1
698,0,1,270,23699,1000,0,1,1,0,1,1,1,0,1
699,0,1,28,14591,1000,0,1,1,0,1,1,1,0,1
700,0,1,84,12356,1000,0,1,1,0,1,1,1,0,1
701,0,1,0,4356,773,0,1,1,0,1,1,NaN,0,NaN
702,0,1,290,12551,1000,0,1,1,0,1,1,1,0,1
703,0,1,0,3419,798,0,1,1,0,1,1,NaN,0,NaN
704,0,1,0,3231,710,0,1,1,0,1,1,NaN,0,NaN
705,0,1,3,7022,1000,0,1,1,0,1,1,1,0,1
706,0,1,195,20029,1000,0,1,1,0,1,1,1,0,1
707,0,1,294,20733,1000,0,1,1,0,1,1,1,0,1
708,0,1,127,6173,1000,0,1,1,0,1,1,1,0,1
709,0,1,23,5617,1000,0,1,1,0,1,1,1,0,1
710,0,1,212,11426,1000,0,1,1,0,1,1,1,0,1
711,0,1,303,22608,1000,0,1,1,0,1,1,1,0,1
712,0,1,316,23536,1000,0,1,1,0,1,1,1,0,1
713,0,1,8,6853,1000,0,1,1,0,1,1,1,0,1
714,0,1,70,11144,1000,0,1,1,0,1,1,1,0,1
715,0,1,183,20607,1000,0,1,1,0,1,1,1,0,1
716,0,1,105,10162,1000,0,1,1,0,1,1,1,0,1
717,0,1,221,20600,1000,0,1,1,0,1,1,1,0,1
718,0,1,112,11852,1000,0,1,1,0,1,1,1,0,1
719,0,1,182,22512,1000,0,1,1,0,1,1,1,0,1
720,0,1,89,15413,1000,0,1,1,0,1,1,1,0,1
721,0,1,0,7827,974,0,1,1,0,1,1,NaN,0,NaN
722,0,1,199,18148,1000,0,1,1,0,1,1,1,0,1
723,0,1,0,3744,817,0,1,1,0,1,1,NaN,0,NaN
724,0,1,0,3470,495,0,1,1,0,1,1,NaN,0,NaN
725,0,1,90,5687,1000,0,1,1,0,1,1,1,0,1
726,0,1,305,23365,1000,0,1,1,0,1,1,1,0,1
727,0,1,541,26852,1000,0,1,1,0,1,1,1,0,1
728,0,1,0,3508,777,0,1,1,0,1,1,NaN,0,NaN
729,0,1,0,3386,500,0,1,1,0,1,1,NaN,0,NaN
730,0,1,0,1290,361,0,1,1,0,1,1,NaN,0,NaN
731,0,1,3,9586,1000,0,1,1,0,1,1,1,0,1
732,0,1,44,4285,1000,0,1,1,0,1,1,1,0,1
733,0,1,111,5636,1000,0,1,1,0,1,1,1,0,1
734,0,1,0,2956,617,0,1,1,0,1,1,NaN,0,NaN
735,0,1,182,10309,1000,0,1,1,0,1,1,1,0,1
736,0,1,0,2793,549,0,1,1,0,1,1,NaN,0,NaN
737,0,1,0,2657,500,0,1,1,0,1,1,NaN,0,NaN
738,0,1,0,2125,521,0,1,1,0,1,1,NaN,0,NaN
739,0,1,23,6939,1000,0,1,1,0,1,1,1,0,1
740,0,1,81,8602,1000,0,1,1,0,1,1,1,0,1
741,0,1,111,13754,1000,0,1,1,0,1,1,1,0,1
742,0,1,152,21627,1000,0,1,1,0,1,1,1,0,1
743,0,1,305,16437,1000,0,1,1,0,1,1,1,0,1
744,0,1,0,3557,650,0,1,1,0,1,1,NaN,0,NaN
745,0,1,38,12568,1000,0,1,1,0,1,1,1,0,1
746,0,1,76,12930,1000,0,1,1,0,1,1,1,0,1
747,0,1,183,15704,1000,0,1,1,0,1,1,1,0,1
748,0,1,98,12552,1000,0,1,1,0,1,1,1,0,1
749,0,1,115,8299,1000,0,1,1,0,1,1,1,0,1
750,0,1,237,17616,1000,0,1,1,0,1,1,1,0,1
751,0,1,112,10351,1000,0,1,1,0,1,1,1,0,1
752,0,1,0,1003,354,0,1,1,0,1,1,NaN,0,NaN
753,0,1,0,1863,661,0,1,1,0,1,1,NaN,0,NaN
754,0,1,173,22540,1000,0,1,1,0,1,1,1,0,1
755,0,1,534,21430,1000,0,1,1,0,1,1,1,0,1
756,0,1,342,27298,1000,0,1,1,0,1,1,1,0,1
757,0,1,0,4649,873,0,1,1,0,1,1,NaN,0,NaN
758,0,1,0,4106,834,0,1,1,0,1,1,NaN,0,NaN
759,0,1,875,41818,1000,0,1,1,0,1,1,1,0,1
760,0,1,0,6923,870,0,1,1,0,1,1,NaN,0,NaN
761,0,1,515,40773,1000,0,1,1,0,1,1,1,0,1
762,0,1,20,7770,1000,0,1,1,0,1,1,1,0,1
763,0,1,392,28023,1000,0,1,1,0,1,1,1,0,1
764,0,1,149,6514,1000,0,1,1,0,1,1,1,0,1
765,0,1,162,18989,1000,0,1,1,0,1,1,1,0,1
766,0,1,389,23517,1000,0,1,1,0,1,1,1,0,1
767,0,1,0,5283,873,0,1,1,0,1,1,NaN,0,NaN
768,0,1,0,4450,971,0,1,1,0,1,1,NaN,0,NaN
769,0,1,351,19044,1000,0,1,1,0,1,1,1,0,1
770,0,1,131,17348,1000,0,1,1,0,1,1,1,0,1
771,0,1,72,13347,1000,0,1,1,0,1,1,1,0,1
772,0,1,213,19663,1000,0,1,1,0,1,1,1,0,1
773,0,1,90,4328,1000,0,1,1,0,1,1,1,0,1
774,0,1,0,2983,502,0,1,1,0,1,1,NaN,0,NaN
775,0,1,0,1502,215,0,1,1,0,1,1,NaN,0,NaN
776,0,1,99,6138,1000,0,1,1,0,1,1,1,0,1
777,0,1,56,8186,1000,0,1,1,0,1,1,1,0,1
778,0,1,23,10195,1000,0,1,1,0,1,1,1,0,1
779,0,1,0,3533,603,0,1,1,0,1,1,NaN,0,NaN
780,0,1,0,1807,584,0,1,1,0,1,1,NaN,0,NaN
781,0,1,162,18352,1000,0,1,1,0,1,1,1,0,1
782,0,1,109,12199,1000,0,1,1,0,1,1,1,0,1
783,0,1,0,2597,571,0,1,1,0,1,1,NaN,0,NaN
784,0,1,5,10715,1000,0,1,1,0,1,1,1,0,1
785,0,1,185,14195,1000,0,1,1,0,1,1,1,0,1
786,0,1,261,25154,1000,0,1,1,0,1,1,1,0,1
787,0,1,74,4974,1000,0,1,1,0,1,1,1,0,1
788,0,1,1005,56889,1000,0,1,1,0,1,1,1,0,1
789,0,1,150,8098,1000,0,1,1,0,1,1,1,0,1
790,0,1,0,3065,652,0,1,1,0,1,1,NaN,0,NaN
791,0,1,148,9692,1000,0,1,1,0,1,1,1,0,1
792,0,1,328,21134,1000,0,1,1,0,1,1,1,0,1
793,0,1,199,12359,1000,0,1,1,0,1,1,1,0,1
794,0,1,15,7813,1000,0,1,1,0,1,1,1,0,1
795,0,1,65,11516,1000,0,1,1,0,1,1,1,0,1
796,0,1,14,10609,1000,0,1,1,0,1,1,1,0,1
797,0,1,5,5308,1000,0,1,1,0,1,1,1,0,1
798,0,1,39,11868,1000,0,1,1,0,1,1,1,0,1
799,0,1,0,1953,452,0,1,1,0,1,1,NaN,0,NaN
800,0,1,323,21812,1000,0,1,1,0,1,1,1,0,1
801,0,1,50,7456,1000,0,1,1,0,1,1,1,0,1
802,0,1,175,12276,1000,0,1,1,0,1,1,1,0,1
803,0,1,67,12177,1000,0,1,1,0,1,1,1,0,1
804,0,1,0,2164,677,0,1,1,0,1,1,NaN,0,NaN
805,0,1,363,23571,1000,0,1,1,0,1,1,1,0,1
806,0,1,0,2974,676,0,1,1,0,1,1,NaN,0,NaN
807,0,1,40,5681,1000,0,1,1,0,1,1,1,0,1
808,0,1,83,12954,1000,0,1,1,0,1,1,1,0,1
809,0,1,79,7738,1000,0,1,1,0,1,1,1,0,1
810,0,1,74,8256,1000,0,1,1,0,1,1,1,0,1
811,0,1,80,12810,1000,0,1,1,0,1,1,1,0,1
812,0,1,154,12482,1000,0,1,1,0,1,1,1,0,1
813,0,1,6,4884,1000,0,1,1,0,1,1,1,0,1
814,0,1,129,7077,1000,0,1,1,0,1,1,1,0,1
815,0,1,0,2047,501,0,1,1,0,1,1,NaN,0,NaN
816,0,1,149,16737,1000,0,1,1,0,1,1,1,0,1
817,0,1,129,11524,1000,0,1,1,0,1,1,1,0,1
818,0,1,3,7522,1000,0,1,1,0,1,1,1,0,1
819,0,1,67,14877,1000,0,1,1,0,1,1,1,0,1
820,0,1,89,8194,1000,0,1,1,0,1,1,1,0,1
821,0,1,0,2664,782,0,1,1,0,1,1,NaN,0,NaN
822,0,1,92,7996,1000,0,1,1,0,1,1,1,0,1
823,0,1,0,3082,555,0,1,1,0,1,1,NaN,0,NaN
824,0,1,0,1860,419,0,1,1,0,1,1,NaN,0,NaN
825,0,1,175,17114,1000,0,1,1,0,1,1,1,0,1
826,0,1,37,8199,1000,0,1,1,0,1,1,1,0,1
827,0,1,101,5696,1000,0,1,1,0,1,1,1,0,1
828,0,1,0,3348,546,0,1,1,0,1,1,NaN,0,NaN
829,0,1,341,19960,1000,0,1,1,0,1,1,1,0,1
830,0,1,0,7614,889,0,1,1,0,1,1,NaN,0,NaN
831,0,1,127,9520,1000,0,1,1,0,1,1,1,0,1
832,0,1,0,3280,720,0,1,1,0,1,1,NaN,0,NaN
833,0,1,0,1546,422,0,1,1,0,1,1,NaN,0,NaN
834,0,1,0,2021,515,0,1,1,0,1,1,NaN,0,NaN
835,0,1,0,4855,744,0,1,1,0,1,1,NaN,0,NaN
836,0,1,431,30863,1000,0,1,1,0,1,1,1,0,1
837,0,1,250,20541,1000,0,1,1,0,1,1,1,0,1
838,0,1,0,2557,570,0,1,1,0,1,1,NaN,0,NaN
839,0,1,184,16524,1000,0,1,1,0,1,1,1,0,1
840,0,1,0,2147,683,0,1,1,0,1,1,NaN,0,NaN
841,0,1,0,4479,772,0,1,1,0,1,1,NaN,0,NaN
842,0,1,190,10781,1000,0,1,1,0,1,1,1,0,1
843,0,1,0,5348,909,0,1,1,0,1,1,NaN,0,NaN
844,0,1,168,18247,1000,0,1,1,0,1,1,1,0,1
845,0,1,120,10051,1000,0,1,1,0,1,1,1,0,1
846,0,1,294,14322,1000,0,1,1,0,1,1,1,0,1
847,0,1,166,12930,1000,0,1,1,0,1,1,1,0,1
848,0,1,43,4715,1000,0,1,1,0,1,1,1,0,1
849,0,1,567,31249,1000,0,1,1,0,1,1,1,0,1
850,0,1,82,11115,1000,0,1,1,0,1,1,1,0,1
851,0,1,74,10543,1000,0,1,1,0,1,1,1,0,1
852,0,1,136,23378,1000,0,1,1,0,1,1,1,0,1
853,0,1,0,1833,471,0,1,1,0,1,1,NaN,0,NaN
854,0,1,284,15061,1000,0,1,1,0,1,1,1,0,1
855,0,1,1,6413,1000,0,1,1,0,1,1,1,0,1
856,0,1,58,15538,1000,0,1,1,0,1,1,1,0,1
857,0,1,0,4039,538,0,1,1,0,1,1,NaN,0,NaN
858,0,1,36,11320,1000,0,1,1,0,1,1,1,0,1
859,0,1,128,8355,1000,0,1,1,0,1,1,1,0,1
860,0,1,92,12451,1000,0,1,1,0,1,1,1,0,1
861,0,1,23,9103,1000,0,1,1,0,1,1,1,0,1
862,0,1,0,2107,596,0,1,1,0,1,1,NaN,0,NaN
863,0,1,147,15926,1000,0,1,1,0,1,1,1,0,1
864,0,1,0,7177,850,0,1,1,0,1,1,NaN,0,NaN
865,0,1,0,4373,828,0,1,1,0,1,1,NaN,0,NaN
866,0,1,37,15798,1000,0,1,1,0,1,1,1,0,1
867,0,1,0,3488,888,0,1,1,0,1,1,NaN,0,NaN
868,0,1,0,7717,769,0,1,1,0,1,1,NaN,0,NaN
869,0,1,0,3358,782,0,1,1,0,1,1,NaN,0,NaN
870,0,1,118,17706,1000,0,1,1,0,1,1,1,0,1
871,0,1,74,16687,1000,0,1,1,0,1,1,1,0,1
872,0,1,23,10870,1000,0,1,1,0,1,1,1,0,1
873,0,1,0,5133,861,0,1,1,0,1,1,NaN,0,NaN
874,0,1,163,16834,1000,0,1,1,0,1,1,1,0,1
875,0,1,104,8580,1000,0,1,1,0,1,1,1,0,1
876,0,1,277,31665,1000,0,1,1,0,1,1,1,0,1
877,0,1,0,3819,597,0,1,1,0,1,1,NaN,0,NaN
878,0,1,38,9674,1000,0,1,1,0,1,1,1,0,1
879,0,1,357,16370,1000,0,1,1,0,1,1,1,0,1
880,0,1,28,4079,1000,0,1,1,0,1,1,1,0,1
881,0,1,0,2246,705,0,1,1,0,1,1,NaN,0,NaN
882,0,1,371,22172,1000,0,1,1,0,1,1,1,0,1
883,0,1,66,3721,1000,0,1,1,0,1,1,1,0,1
884,0,1,101,7565,1000,0,1,1,0,1,1,1,0,1
885,0,1,11,3638,1000,0,1,1,0,1,1,1,0,1
886,0,1,0,2018,670,0,1,1,0,1,1,NaN,0,NaN
887,0,1,0,937,271,0,1,1,0,1,1,NaN,0,NaN
888,0,1,145,6636,1000,0,1,1,0,1,1,1,0,1
889,0,1,52,10772,1000,0,1,1,0,1,1,1,0,1
890,0,1,4,4297,1000,0,1,1,0,1,1,1,0,1
891,0,1,338,25829,1000,0,1,1,0,1,1,1,0,1
892,0,1,195,13128,1000,0,1,1,0,1,1,1,0,1
893,0,1,571,27238,1000,0,1,1,0,1,1,1,0,1
894,0,1,224,18422,1000,0,1,1,0,1,1,1,0,1
895,0,1,0,4143,998,0,1,1,0,1,1,NaN,0,NaN
896,0,1,0,2744,370,0,1,1,0,1,1,NaN,0,NaN
897,0,1,201,13923,1000,0,1,1,0,1,1,1,0,1
898,0,1,16,5276,1000,0,1,1,0,1,1,1,0,1
899,0,1,320,12328,1000,0,1,1,0,1,1,1,0,1
900,0,1,112,12345,1000,0,1,1,0,1,1,1,0,1
901,0,1,0,6111,857,0,1,1,0,1,1,NaN,0,NaN
902,0,1,0,7199,912,0,1,1,0,1,1,NaN,0,NaN
903,0,1,0,4479,991,0,1,1,0,1,1,NaN,0,NaN
904,0,1,90,8976,1000,0,1,1,0,1,1,1,0,1
905,0,1,124,8652,1000,0,1,1,0,1,1,1,0,1
906,0,1,5,12740,1000,0,1,1,0,1,1,1,0,1
907,0,1,1,6208,1000,0,1,1,0,1,1,1,0,1
908,0,1,181,20193,1000,0,1,1,0,1,1,1,0,1
909,0,1,269,16808,1000,0,1,1,0,1,1,1,0,1
910,0,1,0,1432,545,0,1,1,0,1,1,NaN,0,NaN
911,0,1,0,7612,703,0,1,1,0,1,1,NaN,0,NaN
912,0,1,70,11061,1000,0,1,1,0,1,1,1,0,1
913,0,1,73,6550,1000,0,1,1,0,1,1,1,0,1
914,0,1,0,4167,800,0,1,1,0,1,1,NaN,0,NaN
915,0,1,0,3148,536,0,1,1,0,1,1,NaN,0,NaN
916,0,1,159,15329,1000,0,1,1,0,1,1,1,0,1
917,0,1,114,15946,1000,0,1,1,0,1,1,1,0,1
918,0,1,98,16804,1000,0,1,1,0,1,1,1,0,1
919,0,1,0,2457,433,0,1,1,0,1,1,NaN,0,NaN
920,0,1,51,12490,1000,0,1,1,0,1,1,1,0,1
921,0,1,86,9047,1000,0,1,1,0,1,1,1,0,1
922,0,1,75,7247,1000,0,1,1,0,1,1,1,0,1
923,0,1,131,4630,1000,0,1,1,0,1,1,1,0,1
924,0,1,59,9825,1000,0,1,1,0,1,1,1,0,1
925,0,1,131,7202,1000,0,1,1,0,1,1,1,0,1
926,0,1,0,3664,641,0,1,1,0,1,1,NaN,0,NaN
927,0,1,101,3537,1000,0,1,1,0,1,1,1,0,1
928,0,1,0,2831,492,0,1,1,0,1,1,NaN,0,NaN
929,0,1,0,1121,274,0,1,1,0,1,1,NaN,0,NaN
930,0,1,349,17362,1000,0,1,1,0,1,1,1,0,1
931,0,1,99,16040,1000,0,1,1,0,1,1,1,0,1
932,0,1,70,5239,1000,0,1,1,0,1,1,1,0,1
933,0,1,4,8504,1000,0,1,1,0,1,1,1,0,1
934,0,1,0,2801,494,0,1,1,0,1,1,NaN,0,NaN
935,0,1,135,9424,1000,0,1,1,0,1,1,1,0,1
936,0,1,0,1815,308,0,1,1,0,1,1,NaN,0,NaN
937,0,1,67,11319,1000,0,1,1,0,1,1,1,0,1
938,0,1,0,5584,742,0,1,1,0,1,1,NaN,0,NaN
939,0,1,187,12236,1000,0,1,1,0,1,1,1,0,1
940,0,1,0,5417,852,0,1,1,0,1,1,NaN,0,NaN
941,0,1,115,11596,1000,0,1,1,0,1,1,1,0,1
942,0,1,71,17095,1000,0,1,1,0,1,1,1,0,1
943,0,1,27,8876,1000,0,1,1,0,1,1,1,0,1
944,0,1,210,20388,1000,0,1,1,0,1,1,1,0,1
945,0,1,98,13791,1000,0,1,1,0,1,1,1,0,1
946,0,1,0,3746,886,0,1,1,0,1,1,NaN,0,NaN
947,0,1,0,5478,788,0,1,1,0,1,1,NaN,0,NaN
948,0,1,0,4675,882,0,1,1,0,1,1,NaN,0,NaN
949,0,1,86,14461,1000,0,1,1,0,1,1,1,0,1
950,0,1,127,10305,1000,0,1,1,0,1,1,1,0,1
951,0,1,90,16525,1000,0,1,1,0,1,1,1,0,1
952,0,1,71,12576,1000,0,1,1,0,1,1,1,0,1
953,0,1,51,10729,1000,0,1,1,0,1,1,1,0,1
954,0,1,172,15668,1000,0,1,1,0,1,1,1,0,1
955,0,1,415,23327,1000,0,1,1,0,1,1,1,0,1
956,0,1,3,3767,1000,0,1,1,0,1,1,1,0,1
957,0,1,0,2107,414,0,1,1,0,1,1,NaN,0,NaN
958,0,1,0,1079,268,0,1,1,0,1,1,NaN,0,NaN
959,0,1,0,1260,283,0,1,1,0,1,1,NaN,0,NaN
960,0,1,0,2033,590,0,1,1,0,1,1,NaN,0,NaN
961,0,1,162,20856,1000,0,1,1,0,1,1,1,0,1
962,0,1,0,7704,931,0,1,1,0,1,1,NaN,0,NaN
963,0,1,0,2629,387,0,1,1,0,1,1,NaN,0,NaN
964,0,1,40,5142,1000,0,1,1,0,1,1,1,0,1
965,0,1,136,20605,1000,0,1,1,0,1,1,1,0,1
966,0,1,0,1521,362,0,1,1,0,1,1,NaN,0,NaN
967,0,1,85,11481,1000,0,1,1,0,1,1,1,0,1
968,0,1,23,6428,1000,0,1,1,0,1,1,1,0,1
969,0,1,140,12172,1000,0,1,1,0,1,1,1,0,1
970,0,1,395,21973,1000,0,1,1,0,1,1,1,0,1
971,0,1,0,3152,433,0,1,1,0,1,1,NaN,0,NaN
972,0,1,0,1792,572,0,1,1,0,1,1,NaN,0,NaN
973,0,1,148,23025,1000,0,1,1,0,1,1,1,0,1
974,0,1,0,2232,321,0,1,1,0,1,1,NaN,0,NaN
975,0,1,200,19435,1000,0,1,1,0,1,1,1,0,1
976,0,1,0,6079,777,0,1,1,0,1,1,NaN,0,NaN
977,0,1,0,4597,851,0,1,1,0,1,1,NaN,0,NaN
978,0,1,0,3740,730,0,1,1,0,1,1,NaN,0,NaN
979,0,1,0,1231,356,0,1,1,0,1,1,NaN,0,NaN
980,0,1,13,13171,1000,0,1,1,0,1,1,1,0,1
981,0,1,0,2943,648,0,1,1,0,1,1,NaN,0,NaN
982,0,1,0,2929,631,0,1,1,0,1,1,NaN,0,NaN
983,0,1,196,17716,1000,0,1,1,0,1,1,1,0,1
984,0,1,113,13252,1000,0,1,1,0,1,1,1,0,1
985,0,1,0,3769,520,0,1,1,0,1,1,NaN,0,NaN
986,0,1,116,13414,1000,0,1,1,0,1,1,1,0,1
987,0,1,230,11013,1000,0,1,1,0,1,1,1,0,1
988,0,1,133,21573,1000,0,1,1,0,1,1,1,0,1
989,0,1,94,9887,1000,0,1,1,0,1,1,1,0,1
990,0,1,0,5991,696,0,1,1,0,1,1,NaN,0,NaN
991,0,1,98,15455,1000,0,1,1,0,1,1,1,0,1
992,0,1,514,36412,1000,0,1,1,0,1,1,1,0,1
993,0,1,0,5626,655,0,1,1,0,1,1,NaN,0,NaN
994,0,1,8,8742,1000,0,1,1,0,1,1,1,0,1
995,0,1,61,10087,1000,0,1,1,0,1,1,1,0,1
996,0,1,0,3173,481,0,1,1,0,1,1,NaN,0,NaN
997,0,1,81,11519,1000,0,1,1,0,1,1,1,0,1
998,0,1,0,5033,778,0,1,1,0,1,1,NaN,0,NaN
999,0,1,141,18377,1000,0,1,1,0,1,1,1,0,1
